,duration,duration,duration,duration,rms,rms,zcr,zcr,clipping_ratio,clipping_ratio,speech_ratio,speech_ratio,mean_segment_len,mean_segment_len,num_segments,num_segments
,mean,std,min,max,mean,std,mean,std,mean,std,mean,std,mean,std,mean,std
folder,,,,,,,,,,,,,,,,
대출 사기형,210.93443445945945,206.65061108883157,22.4914375,1576.7510625,0.08114624,0.04538548,0.11744279673153826,0.030222164933885458,3.902076740663201e-05,0.000367191714921318,0.8485346837799203,0.08416379756130088,4.942678467962655,4.354710248190205,44.58918918918919,45.37780883499225
바로 이 목소리,250.78466156914894,104.61680188162397,46.95075,514.531,0.08483237,0.038523253,0.09681020846715897,0.01904531506901382,2.863924179805089e-05,0.00010463763690137725,0.7410146995171699,0.092144398295926,5.113853208850486,2.2725348184577014,41.5,24.374210767481976
수사기관 사칭형,509.0789933920705,686.7518072336409,15.4000625,3643.5575625,0.11740393,0.080980904,0.11381318554050891,0.02590598445243129,0.0009567289208917847,0.005296979327281114,0.8011794560948743,0.08036464630014618,3.518751773759655,1.4755605017044324,118.20264317180617,156.93136821319666
